{"pose": [[ 0.05616282,  0.8550789 , -0.5154472 ,  0.88603737],
       [ 0.99776688, -0.0293745 ,  0.05998652, -0.05317714],
       [ 0.03615221, -0.51766516, -0.85481917,  0.43466572],
       [ 0.0        ,  0.0        ,  0.0        ,  1.0        ]],
  "K": [[608.74664307, 0, 314.9819],
    [0, 608.8836059, 249.2951],
    [0, 0, 1]],
  "x_range": [-0.2, 0.1],
  "y_range": [-0.2, 0.2],
  "z_range": [0.92, 1.5],
  "num_pts": 2048,
  "samp_method": "pre+fps",
  "pre_num": 10000,
  "cam_h": 480,
  "cam_w": 640,
  "depth_unit": 0.000500,
  "robot_base_offset": [-0.56, 0, 0.912]
}